no,PDB,pdb_id,chain,start_residue,end_residue,sequence,sequence_length
1,1ARR_mod (1–106),1ARR,A,,,,
2,1BA5,1BA5,A,,,,
3,1CUN (7–112),1CUN,A,7,112,,
4,1CUN (113–219),1CUN,A,113,219,,
5,1E41_ (93–192),1E41,A,93,192,,
6,1FEX,1FEX,A,,,,
7,1IDY,1IDY,A,,,,
8,1IMQ,1IMQ,A,,,,
9,1L8W (Chain B: 29–335),1L8W,B,29,335,,
10,1LMB (6–85),1LMB,A,6,85,,
11,1PRB (7–53),1PRB,A,7,53,,
12,1RYK,1RYK,A,,,,
13,1SS1 (2–60),1SS1,A,2,60,,
14,1ST7,1ST7,A,,,,
15,1U4Q (1662–1771),1U4Q,A,1662,1771,,
16,1VII (42–76),1VII,A,42,76,,
17,1W4E,1W4E,A,,,,
18,1W4J,1W4J,A,,,,
19,1YYJ,1YYJ,A,,,,
20,2A3D,2A3D,A,,,,
21,2LLH (19–70),2LLH,A,19,70,,
22,2WXC,2WXC,A,,,,
23,2WQG,2WQG,A,,,,
24,1KDX (586–666),1KDX,A,586,666,,
25,1IO2,1IO2,A,,,,
26,2MYO,2MYO,A,,,,
27,2QJL,2QJL,A,,,,
28,1APS,1APS,A,,,,
29,1D6O,1D6O,A,,,,
30,1DIV (1–56),1DIV,A,1,56,,
31,1DIV (58–149),1DIV,A,58,149,,
32,1DKT (5–76),1DKT,A,5,76,,
33,1E0G,1E0G,A,,,,
34,1FHT (2–97),1FHT,A,2,97,,
35,1HDN,1HDN,A,,,,
36,1J5U,1J5U,A,,,,
37,1N88,1N88,A,,,,
38,1O6X,1O6X,A,,,,
39,1RFA (56–130),1RFA,A,56,130,,
40,1RIS (1–97),1RIS,A,1,97,,
41,1SPR (2–104),1SPR,A,2,104,,
42,2BKF (1–85),2BKF,A,1,85,,
43,2J5A (3–108),2J5A,A,3,108,,
44,2PTL (18–77),2PTL,A,18,77,,
45,2VH7 (5–98),2VH7,A,5,98,,
46,3CI2,3CI2,A,,,,
47,1EHB (3–84),1EHB,A,3,84,,
48,2GA5,2GA5,A,,,,
49,1NFI (67–206),1NFI,A,67,206,,
50,1C8C,1C8C,A,,,,
51,1K0S,1K0S,A,,,,
52,1LOP,1LOP,A,,,,
53,1PRS (1–88),1PRS,A,1,88,,
54,1PRS (91–173),1PRS,A,91,173,,
55,1C9O,1C9O,A,,,,
56,1CSP,1CSP,A,,,,
57,1G6P,1G6P,A,,,,
58,1E0L,1E0L,A,,,,
59,1E0M,1E0M,A,,,,
60,1HCD,1HCD,A,,,,
61,1JO8,1JO8,A,,,,
62,1K85,1K85,A,,,,
63,1K8M (1–87),1K8M,A,1,87,,
64,1TP3 (309–401),1TP3,A,309,401,,
65,1K9Q,1K9Q,A,,,,
66,1M9S (391–466),1M9S,A,391,466,,
67,1MJC,1MJC,A,,,,
68,1PIN (6–39),1PIN,A,6,39,,
69,1PNJ (3–84),1PNJ,A,3,84,,
70,1QTU (1–115),1QTU,A,1,115,,
71,1RG8,1RG8,A,,,,
72,1AVZ (Chain C: 85–141),1AVZ,C,85,141,,
73,1SHG (6–62),1SHG,A,6,62,,
74,1SRL (9–64),1SRL,A,9,64,,
75,1TEN (803–891),1TEN ,A,803,891,,
76,1WIT,1WIT,A,,,,
77,2VKN (1–66),2VKN,A,1,66,,
78,1FNF (1325–1415),1FNF,A,1325,1415,,
79,1GM1 (9–102),1GM1,A,9,102,,
80,2JMC,2JMC,A,,,,
81,1FGA (20–143),1FGA,A,20,143,,
82,3ZRT (3–93),3ZRT,A,3,93,,
83,3ZRT (97–189),3ZRT,A,97,189,,
84,1QAU (14–125),1QAU,A,14,125,,
85,3O4B (11–147),3O4B,A,11,147,,
86,3O49,3O49,A,,,,
87,3O4D,3O4D,A,,,,
88,2L6R,2L6R,A,,,,
89,2X7Z (311–407),2X7Z,A,311,407,,
